location,block,pasture,livestock,patch,subpatch,date,plot,array,logger,TC,tempC,time,problematic
CGREC,BAR,NE,Cattle,NE,,5-15-2018,1,1,1,1,,,
CGREC,BAR,NE,Cattle,NE,,5-15-2018,1,1,1,2,,,
CGREC,BAR,NE,Cattle,NE,,5-15-2018,1,1,1,3,,,
CGREC,BAR,NE,Cattle,NE,,5-15-2018,1,2,2,1,268,17:20:44.0,
CGREC,BAR,NE,Cattle,NE,,5-15-2018,1,2,2,2,257.25,17:20:44.0,
CGREC,BAR,NE,Cattle,NE,,5-15-2018,1,2,2,3,249.25,17:20:47.0,
CGREC,BAR,NE,Cattle,NE,,5-15-2018,1,3,5,1,210,17:21:36.0,
CGREC,BAR,NE,Cattle,NE,,5-15-2018,1,3,5,2,321,17:21:34.1,
CGREC,BAR,NE,Cattle,NE,,5-15-2018,1,3,5,3,333,17:22:01.0,
CGREC,BAR,NE,Cattle,NE,,5-15-2018,2,1,3,1,63.75,17:49:33.0,
CGREC,BAR,NE,Cattle,NE,,5-15-2018,2,1,3,2,55.25,17:48:22.0,
CGREC,BAR,NE,Cattle,NE,,5-15-2018,2,1,3,3,41.75,17:48:04.0,
CGREC,BAR,NE,Cattle,NE,,5-15-2018,2,2,7,1,76.75,17:40:50.0,
CGREC,BAR,NE,Cattle,NE,,5-15-2018,2,2,7,2,97,17:40:07.1,
CGREC,BAR,NE,Cattle,NE,,5-15-2018,2,2,7,3,138.5,17:39:36.0,
CGREC,BAR,NE,Cattle,NE,,5-15-2018,2,3,8,1,87,17:42:53.1,
CGREC,BAR,NE,Cattle,NE,,5-15-2018,2,3,8,2,50.25,17:40:50.0,
CGREC,BAR,NE,Cattle,NE,,5-15-2018,2,3,8,3,43,17:41:43.0,
CGREC,BAR,NE,Cattle,NE,,5-15-2018,3,1,6,1,,,
CGREC,BAR,NE,Cattle,NE,,5-15-2018,3,1,6,2,,,
CGREC,BAR,NE,Cattle,NE,,5-15-2018,3,1,6,3,,,
CGREC,BAR,NE,Cattle,NE,,5-15-2018,3,2,9,1,458.25,16:57:10.1,
CGREC,BAR,NE,Cattle,NE,,5-15-2018,3,2,9,2,226.25,16:56:42.1,
CGREC,BAR,NE,Cattle,NE,,5-15-2018,3,2,9,3,550,16:56:57.1,
CGREC,BAR,NE,Cattle,NE,,5-15-2018,3,3,4,1,238.25,16:57:06.0,
CGREC,BAR,NE,Cattle,NE,,5-15-2018,3,3,4,2,242,16:56:51.1,
CGREC,BAR,NE,Cattle,NE,,5-15-2018,3,3,4,3,85,16:57:01.0,
CGREC,BAR,NE,Cattle,SW,,5-7-2019,1,1,4R,1,29,18:01:32.1,
CGREC,BAR,NE,Cattle,SW,,5-7-2019,1,1,4R,2,24.25,18:03:21.0,
CGREC,BAR,NE,Cattle,SW,,5-7-2019,1,1,4R,3,222.75,18:02:14.0,
CGREC,BAR,NE,Cattle,SW,,5-7-2019,1,2,1R,1,19,16:34:50.1,1
CGREC,BAR,NE,Cattle,SW,,5-7-2019,1,2,1R,2,20.25,16:35:21.0,1
CGREC,BAR,NE,Cattle,SW,,5-7-2019,1,2,1R,3,43.75,18:01:40.1,1
CGREC,BAR,NE,Cattle,SW,,5-7-2019,1,3,5R,1,112.5,18:02:12.0,
CGREC,BAR,NE,Cattle,SW,,5-7-2019,1,3,5R,2,277.25,18:02:04.0,
CGREC,BAR,NE,Cattle,SW,,5-7-2019,1,3,5R,3,166.75,18:02:24.1,
CGREC,BAR,NE,Cattle,SW,,5-7-2019,2,1,7R,1,21,16:42:14.1,
CGREC,BAR,NE,Cattle,SW,,5-7-2019,2,1,7R,2,31.75,16:39:37.1,
CGREC,BAR,NE,Cattle,SW,,5-7-2019,2,1,7R,3,21.75,16:39:12.1,
CGREC,BAR,NE,Cattle,SW,,5-7-2019,2,2,9R,1,20.5,16:42:09.1,
CGREC,BAR,NE,Cattle,SW,,5-7-2019,2,2,9R,2,18,17:02:14.1,
CGREC,BAR,NE,Cattle,SW,,5-7-2019,2,2,9R,3,21,16:41:01.1,
CGREC,BAR,NE,Cattle,SW,,5-7-2019,2,3,3R,1,18.25,17:00:13.1,
CGREC,BAR,NE,Cattle,SW,,5-7-2019,2,3,3R,2,18.75,16:30:02.0,
CGREC,BAR,NE,Cattle,SW,,5-7-2019,2,3,3R,3,20.5,16:42:00.1,
CGREC,BAR,NE,Cattle,SW,,5-7-2019,3,1,4Y,1,34.75,17:50:11.1,1
CGREC,BAR,NE,Cattle,SW,,5-7-2019,3,1,4Y,2,21,16:34:47.1,1
CGREC,BAR,NE,Cattle,SW,,5-7-2019,3,1,4Y,3,20.75,16:41:35.1,1
CGREC,BAR,NE,Cattle,SW,,5-7-2019,3,2,6R,1,,,
CGREC,BAR,NE,Cattle,SW,,5-7-2019,3,2,6R,2,,,
CGREC,BAR,NE,Cattle,SW,,5-7-2019,3,2,6R,3,,,
CGREC,BAR,NE,Cattle,SW,,5-7-2019,3,3,2Y,1,32.5,17:49:50.1,1
CGREC,BAR,NE,Cattle,SW,,5-7-2019,3,3,2Y,2,22,16:34:11.0,1
CGREC,BAR,NE,Cattle,SW,,5-7-2019,3,3,2Y,3,26,17:51:01.1,1
CGREC,BAR,NW,Cattle,NW,,5-15-2018,1,1,5,1,47,13:41:26.0,
CGREC,BAR,NW,Cattle,NW,,5-15-2018,1,1,5,2,45.5,13:42:01.1,
CGREC,BAR,NW,Cattle,NW,,5-15-2018,1,1,5,3,42.25,13:41:09.1,
CGREC,BAR,NW,Cattle,NW,,5-15-2018,1,2,1,1,,,
CGREC,BAR,NW,Cattle,NW,,5-15-2018,1,2,1,2,,,
CGREC,BAR,NW,Cattle,NW,,5-15-2018,1,2,1,3,,,
CGREC,BAR,NW,Cattle,NW,,5-15-2018,1,3,7,1,48.25,13:48:46.0,
CGREC,BAR,NW,Cattle,NW,,5-15-2018,1,3,7,2,67.75,13:48:22.0,
CGREC,BAR,NW,Cattle,NW,,5-15-2018,1,3,7,3,78.25,13:47:41.0,
CGREC,BAR,NW,Cattle,NW,,5-15-2018,2,1,6,1,,,
CGREC,BAR,NW,Cattle,NW,,5-15-2018,2,1,6,2,,,
CGREC,BAR,NW,Cattle,NW,,5-15-2018,2,1,6,3,,,
CGREC,BAR,NW,Cattle,NW,,5-15-2018,2,2,4,1,281,13:36:27.1,
CGREC,BAR,NW,Cattle,NW,,5-15-2018,2,2,4,2,222.25,13:36:09.0,
CGREC,BAR,NW,Cattle,NW,,5-15-2018,2,2,4,3,198.75,13:36:22.0,
CGREC,BAR,NW,Cattle,NW,,5-15-2018,2,3,9,1,294.25,13:36:37.0,
CGREC,BAR,NW,Cattle,NW,,5-15-2018,2,3,9,2,338,13:36:13.1,
CGREC,BAR,NW,Cattle,NW,,5-15-2018,2,3,9,3,256.25,13:36:20.0,
CGREC,BAR,NW,Cattle,NW,,5-15-2018,3,1,3,1,168.75,13:31:31.0,
CGREC,BAR,NW,Cattle,NW,,5-15-2018,3,1,3,2,117.5,13:33:26.0,
CGREC,BAR,NW,Cattle,NW,,5-15-2018,3,1,3,3,306,13:31:37.0,
CGREC,BAR,NW,Cattle,NW,,5-15-2018,3,2,2,1,204.25,13:26:15.1,
CGREC,BAR,NW,Cattle,NW,,5-15-2018,3,2,2,2,218.5,13:26:08.0,
CGREC,BAR,NW,Cattle,NW,,5-15-2018,3,2,2,3,171.5,13:26:13.0,
CGREC,BAR,NW,Cattle,NW,,5-15-2018,3,3,8,1,168.5,13:29:12.0,
CGREC,BAR,NW,Cattle,NW,,5-15-2018,3,3,8,2,338.75,13:27:11.0,
CGREC,BAR,NW,Cattle,NW,,5-15-2018,3,3,8,3,115,13:27:11.0,
CGREC,BAR,NW,Cattle,NE,,5-7-2019,1,1,1R,1,57,13:34:45.0,
CGREC,BAR,NW,Cattle,NE,,5-7-2019,1,1,1R,2,23.25,13:34:54.1,
CGREC,BAR,NW,Cattle,NE,,5-7-2019,1,1,1R,3,30.5,13:34:54.1,
CGREC,BAR,NW,Cattle,NE,,5-7-2019,1,2,5R,1,29,12:39:15.1,1
CGREC,BAR,NW,Cattle,NE,,5-7-2019,1,2,5R,2,22.5,13:37:24.1,1
CGREC,BAR,NW,Cattle,NE,,5-7-2019,1,2,5R,3,170.25,13:47:03.0,1
CGREC,BAR,NW,Cattle,NE,,5-7-2019,1,3,6Y,1,,,
CGREC,BAR,NW,Cattle,NE,,5-7-2019,1,3,6Y,2,,,
CGREC,BAR,NW,Cattle,NE,,5-7-2019,1,3,6Y,3,,,
CGREC,BAR,NW,Cattle,NE,,5-7-2019,2,1,8R,1,104.25,13:07:15.1,
CGREC,BAR,NW,Cattle,NE,,5-7-2019,2,1,8R,2,168.75,13:05:55.0,
CGREC,BAR,NW,Cattle,NE,,5-7-2019,2,1,8R,3,133.5,13:05:02.1,
CGREC,BAR,NW,Cattle,NE,,5-7-2019,2,2,6R,1,41.25,12:56:54.1,
CGREC,BAR,NW,Cattle,NE,,5-7-2019,2,2,6R,2,49.75,12:57:55.1,
CGREC,BAR,NW,Cattle,NE,,5-7-2019,2,2,6R,3,46,12:53:42.1,
CGREC,BAR,NW,Cattle,NE,,5-7-2019,2,3,4Y,1,138.25,12:54:51.0,
CGREC,BAR,NW,Cattle,NE,,5-7-2019,2,3,4Y,2,290.25,12:51:30.1,
CGREC,BAR,NW,Cattle,NE,,5-7-2019,2,3,4Y,3,66.25,12:54:53.0,
CGREC,BAR,NW,Cattle,NE,,5-7-2019,3,1,2R,1,306.25,12:31:20.1,
CGREC,BAR,NW,Cattle,NE,,5-7-2019,3,1,2R,2,82.25,12:31:47.0,
CGREC,BAR,NW,Cattle,NE,,5-7-2019,3,1,2R,3,222,12:30:22.1,
CGREC,BAR,NW,Cattle,NE,,5-7-2019,3,2,R4,1,187.25,12:25:21.0,
CGREC,BAR,NW,Cattle,NE,,5-7-2019,3,2,R4,2,221.5,12:25:04.0,
CGREC,BAR,NW,Cattle,NE,,5-7-2019,3,2,R4,3,253.5,12:23:58.0,
CGREC,BAR,NW,Cattle,NE,,5-7-2019,3,3,2Y,1,126.75,12:22:28.0,
CGREC,BAR,NW,Cattle,NE,,5-7-2019,3,3,2Y,2,174,12:22:07.0,
CGREC,BAR,NW,Cattle,NE,,5-7-2019,3,3,2Y,3,119.25,12:20:50.0,
CGREC,BAR,SE,Cattle,SE,E,5-16-2018,1,1,2,1,189,15:02:17.1,
CGREC,BAR,SE,Cattle,SE,E,5-16-2018,1,1,2,2,246,15:01:53.0,
CGREC,BAR,SE,Cattle,SE,E,5-16-2018,1,1,2,3,247.25,15:02:09.1,
CGREC,BAR,SE,Cattle,SE,E,5-16-2018,1,2,5,1,130.5,14:59:59.1,
CGREC,BAR,SE,Cattle,SE,E,5-16-2018,1,2,5,2,115.75,14:59:09.1,
CGREC,BAR,SE,Cattle,SE,E,5-16-2018,1,2,5,3,173.5,15:00:48.0,
CGREC,BAR,SE,Cattle,SE,E,5-16-2018,1,3,7,1,191.5,15:02:04.0,
CGREC,BAR,SE,Cattle,SE,E,5-16-2018,1,3,7,2,264.5,15:01:39.0,
CGREC,BAR,SE,Cattle,SE,E,5-16-2018,1,3,7,3,297,15:01:46.0,
CGREC,BAR,SE,Cattle,SE,E,5-16-2018,2,1,1,1,,,
CGREC,BAR,SE,Cattle,SE,E,5-16-2018,2,1,1,2,,,
CGREC,BAR,SE,Cattle,SE,E,5-16-2018,2,1,1,3,,,
CGREC,BAR,SE,Cattle,SE,E,5-16-2018,2,2,6,1,,,
CGREC,BAR,SE,Cattle,SE,E,5-16-2018,2,2,6,2,,,
CGREC,BAR,SE,Cattle,SE,E,5-16-2018,2,2,6,3,,,
CGREC,BAR,SE,Cattle,SE,E,5-16-2018,2,3,8,1,202.75,15:05:46.1,
CGREC,BAR,SE,Cattle,SE,E,5-16-2018,2,3,8,2,227.75,15:05:14.0,
CGREC,BAR,SE,Cattle,SE,E,5-16-2018,2,3,8,3,217.75,15:05:54.0,
CGREC,BAR,SE,Cattle,SE,E,5-16-2018,3,1,3,1,235,14:39:33.0,
CGREC,BAR,SE,Cattle,SE,E,5-16-2018,3,1,3,2,315.75,14:39:27.0,
CGREC,BAR,SE,Cattle,SE,E,5-16-2018,3,1,3,3,286.25,14:39:56.0,
CGREC,BAR,SE,Cattle,SE,E,5-16-2018,3,2,9,1,384.75,14:40:45.0,
CGREC,BAR,SE,Cattle,SE,E,5-16-2018,3,2,9,2,221.5,14:40:25.1,
CGREC,BAR,SE,Cattle,SE,E,5-16-2018,3,2,9,3,294.75,14:39:22.0,
CGREC,BAR,SE,Cattle,SE,E,5-16-2018,3,3,4,1,321.5,14:39:02.0,
CGREC,BAR,SE,Cattle,SE,E,5-16-2018,3,3,4,2,343.25,14:40:14.0,
CGREC,BAR,SE,Cattle,SE,E,5-16-2018,3,3,4,3,378.5,14:39:02.0,
CGREC,BAR,SE,Cattle,SW,E,5-13-2019,1,1,6R,1,345.25,14:51:50.0,
CGREC,BAR,SE,Cattle,SW,E,5-13-2019,1,1,6R,2,379.25,14:51:40.1,
CGREC,BAR,SE,Cattle,SW,E,5-13-2019,1,1,6R,3,285.75,14:51:00.1,
CGREC,BAR,SE,Cattle,SW,E,5-13-2019,1,2,7R,1,241.25,14:56:41.0,
CGREC,BAR,SE,Cattle,SW,E,5-13-2019,1,2,7R,2,289.25,14:56:58.1,
CGREC,BAR,SE,Cattle,SW,E,5-13-2019,1,2,7R,3,347,14:56:55.1,
CGREC,BAR,SE,Cattle,SW,E,5-13-2019,1,3,7Y,1,251.25,14:51:23.0,
CGREC,BAR,SE,Cattle,SW,E,5-13-2019,1,3,7Y,2,258.5,14:52:02.0,
CGREC,BAR,SE,Cattle,SW,E,5-13-2019,1,3,7Y,3,334.75,14:51:42.0,
CGREC,BAR,SE,Cattle,SW,E,5-13-2019,2,1,3R,1,281,15:33:06.1,
CGREC,BAR,SE,Cattle,SW,E,5-13-2019,2,1,3R,2,38.5,15:38:26.1,
CGREC,BAR,SE,Cattle,SW,E,5-13-2019,2,1,3R,3,40.5,15:40:03.1,
CGREC,BAR,SE,Cattle,SW,E,5-13-2019,2,2,2R,1,122.75,15:39:18.0,
CGREC,BAR,SE,Cattle,SW,E,5-13-2019,2,2,2R,2,217.75,15:38:24.1,
CGREC,BAR,SE,Cattle,SW,E,5-13-2019,2,2,2R,3,230.25,15:39:34.1,
CGREC,BAR,SE,Cattle,SW,E,5-13-2019,2,3,5Y,1,365.25,15:33:29.0,
CGREC,BAR,SE,Cattle,SW,E,5-13-2019,2,3,5Y,2,430,15:33:32.0,
CGREC,BAR,SE,Cattle,SW,E,5-13-2019,2,3,5Y,3,376.25,15:33:27.0,
CGREC,BAR,SE,Cattle,SW,E,5-13-2019,3,1,4R,1,253.75,15:33:23.1,
CGREC,BAR,SE,Cattle,SW,E,5-13-2019,3,1,4R,2,105,15:36:04.0,
CGREC,BAR,SE,Cattle,SW,E,5-13-2019,3,1,4R,3,138.75,15:33:20.1,
CGREC,BAR,SE,Cattle,SW,E,5-13-2019,3,2,8R,1,264,15:42:54.1,
CGREC,BAR,SE,Cattle,SW,E,5-13-2019,3,2,8R,2,203.25,15:44:41.1,
CGREC,BAR,SE,Cattle,SW,E,5-13-2019,3,2,8R,3,78,15:43:51.0,
CGREC,BAR,SE,Cattle,SW,E,5-13-2019,3,3,3Y,1,228.75,15:32:22.0,
CGREC,BAR,SE,Cattle,SW,E,5-13-2019,3,3,3Y,2,266.25,15:32:23.0,
CGREC,BAR,SE,Cattle,SW,E,5-13-2019,3,3,3Y,3,61,15:44:04.0,
CGREC,BAR,SW,Cattle,NE,,5-16-2018,1,1,8,1,274.75,12:30:52.1,1
CGREC,BAR,SW,Cattle,NE,,5-16-2018,1,1,8,2,42.5,13:21:25.0,1
CGREC,BAR,SW,Cattle,NE,,5-16-2018,1,1,8,3,43,13:00:33.0,1
CGREC,BAR,SW,Cattle,NE,,5-16-2018,1,2,3,1,43.25,12:58:33.0,
CGREC,BAR,SW,Cattle,NE,,5-16-2018,1,2,3,2,40.5,13:18:36.0,
CGREC,BAR,SW,Cattle,NE,,5-16-2018,1,2,3,3,46.25,13:19:00.0,
CGREC,BAR,SW,Cattle,NE,,5-16-2018,1,3,7,1,43.75,13:18:13.1,
CGREC,BAR,SW,Cattle,NE,,5-16-2018,1,3,7,2,47.5,13:17:45.0,
CGREC,BAR,SW,Cattle,NE,,5-16-2018,1,3,7,3,48,12:59:31.1,
CGREC,BAR,SW,Cattle,NE,,5-16-2018,2,1,9,1,97,12:12:00.1,
CGREC,BAR,SW,Cattle,NE,,5-16-2018,2,1,9,2,71,12:11:31.0,
CGREC,BAR,SW,Cattle,NE,,5-16-2018,2,1,9,3,52.75,12:10:46.0,
CGREC,BAR,SW,Cattle,NE,,5-16-2018,2,2,4,1,126,12:04:31.0,
CGREC,BAR,SW,Cattle,NE,,5-16-2018,2,2,4,2,141.25,12:03:29.0,
CGREC,BAR,SW,Cattle,NE,,5-16-2018,2,2,4,3,117,12:03:31.0,
CGREC,BAR,SW,Cattle,NE,,5-16-2018,2,3,6,1,,,
CGREC,BAR,SW,Cattle,NE,,5-16-2018,2,3,6,2,,,
CGREC,BAR,SW,Cattle,NE,,5-16-2018,2,3,6,3,,,
CGREC,BAR,SW,Cattle,NE,,5-16-2018,3,1,5,1,290,12:03:18.0,
CGREC,BAR,SW,Cattle,NE,,5-16-2018,3,1,5,2,122.75,12:02:14.1,
CGREC,BAR,SW,Cattle,NE,,5-16-2018,3,1,5,3,106.25,12:04:27.0,
CGREC,BAR,SW,Cattle,NE,,5-16-2018,3,2,1,1,,,
CGREC,BAR,SW,Cattle,NE,,5-16-2018,3,2,1,2,,,
CGREC,BAR,SW,Cattle,NE,,5-16-2018,3,2,1,3,,,
CGREC,BAR,SW,Cattle,NE,,5-16-2018,3,3,2,1,347,12:00:12.0,
CGREC,BAR,SW,Cattle,NE,,5-16-2018,3,3,2,2,350.5,12:02:57.1,
CGREC,BAR,SW,Cattle,NE,,5-16-2018,3,3,2,3,223.75,12:02:17.1,
CGREC,BAR,SW,Cattle,SE,,5-7-2019,1,1,3R,1,320.5,15:59:46.0,
CGREC,BAR,SW,Cattle,SE,,5-7-2019,1,1,3R,2,190.75,15:59:46.1,
CGREC,BAR,SW,Cattle,SE,,5-7-2019,1,1,3R,3,320.25,16:00:01.1,
CGREC,BAR,SW,Cattle,SE,,5-7-2019,1,2,9R,1,361.5,15:59:41.1,
CGREC,BAR,SW,Cattle,SE,,5-7-2019,1,2,9R,2,324,15:59:46.1,
CGREC,BAR,SW,Cattle,SE,,5-7-2019,1,2,9R,3,246.25,15:59:51.0,
CGREC,BAR,SW,Cattle,SE,,5-7-2019,1,3,5Y,1,551.5,15:59:44.0,
CGREC,BAR,SW,Cattle,SE,,5-7-2019,1,3,5Y,2,535,15:59:50.0,
CGREC,BAR,SW,Cattle,SE,,5-7-2019,1,3,5Y,3,426.75,15:59:56.0,
CGREC,BAR,SW,Cattle,SE,,5-7-2019,2,1,7R,1,535,16:00:42.0,
CGREC,BAR,SW,Cattle,SE,,5-7-2019,2,1,7R,2,323,16:00:42.1,
CGREC,BAR,SW,Cattle,SE,,5-7-2019,2,1,7R,3,397.75,16:00:40.0,
CGREC,BAR,SW,Cattle,SE,,5-7-2019,2,2,7Y,1,340.25,16:00:22.1,
CGREC,BAR,SW,Cattle,SE,,5-7-2019,2,2,7Y,2,306.25,16:00:14.1,
CGREC,BAR,SW,Cattle,SE,,5-7-2019,2,2,7Y,3,388.5,16:00:22.1,
CGREC,BAR,SW,Cattle,SE,,5-7-2019,2,3,3Y,1,333.75,16:00:17.0,
CGREC,BAR,SW,Cattle,SE,,5-7-2019,2,3,3Y,2,467.5,16:00:33.1,
CGREC,BAR,SW,Cattle,SE,,5-7-2019,2,3,3Y,3,550.75,16:00:24.0,
CGREC,BAR,SW,Cattle,SE,,5-7-2019,3,1,8R,1,503.25,16:01:41.1,
CGREC,BAR,SW,Cattle,SE,,5-7-2019,3,1,8R,2,452.5,16:01:39.0,
CGREC,BAR,SW,Cattle,SE,,5-7-2019,3,1,8R,3,504.75,16:01:50.0,
CGREC,BAR,SW,Cattle,SE,,5-7-2019,3,2,2R,1,410.25,16:01:40.0,
CGREC,BAR,SW,Cattle,SE,,5-7-2019,3,2,2R,2,375.75,16:01:44.1,
CGREC,BAR,SW,Cattle,SE,,5-7-2019,3,2,2R,3,279.75,16:01:53.0,
CGREC,BAR,SW,Cattle,SE,,5-7-2019,3,3,9Y,1,230.25,16:01:35.1,
CGREC,BAR,SW,Cattle,SE,,5-7-2019,3,3,9Y,2,240,16:01:31.1,
CGREC,BAR,SW,Cattle,SE,,5-7-2019,3,3,9Y,3,143,16:01:58.0,
CGREC,BOB,NE,Cattle,NE,W,5-2-2018,1,1,6,1,,,
CGREC,BOB,NE,Cattle,NE,W,5-2-2018,1,1,6,2,,,
CGREC,BOB,NE,Cattle,NE,W,5-2-2018,1,1,6,3,,,
CGREC,BOB,NE,Cattle,NE,W,5-2-2018,1,2,3,1,153.25,18:44:31.0,
CGREC,BOB,NE,Cattle,NE,W,5-2-2018,1,2,3,2,260.5,18:44:12.0,
CGREC,BOB,NE,Cattle,NE,W,5-2-2018,1,2,3,3,142.5,18:44:57.0,
CGREC,BOB,NE,Cattle,NE,W,5-2-2018,1,3,8,1,266,18:47:33.0,
CGREC,BOB,NE,Cattle,NE,W,5-2-2018,1,3,8,2,304.75,18:47:26.0,
CGREC,BOB,NE,Cattle,NE,W,5-2-2018,1,3,8,3,185.25,18:47:39.0,
CGREC,BOB,NE,Cattle,NE,W,5-2-2018,2,1,4,1,293,18:32:14.0,
CGREC,BOB,NE,Cattle,NE,W,5-2-2018,2,1,4,2,351,18:32:10.0,
CGREC,BOB,NE,Cattle,NE,W,5-2-2018,2,1,4,3,283.25,18:32:18.0,
CGREC,BOB,NE,Cattle,NE,W,5-2-2018,2,2,5,1,491.75,18:31:42.1,
CGREC,BOB,NE,Cattle,NE,W,5-2-2018,2,2,5,2,497.75,18:31:35.0,
CGREC,BOB,NE,Cattle,NE,W,5-2-2018,2,2,5,3,356.75,18:31:41.0,
CGREC,BOB,NE,Cattle,NE,W,5-2-2018,2,3,9,1,299.5,18:32:28.0,
CGREC,BOB,NE,Cattle,NE,W,5-2-2018,2,3,9,2,408.25,18:32:15.1,
CGREC,BOB,NE,Cattle,NE,W,5-2-2018,2,3,9,3,399.5,18:32:32.0,
CGREC,BOB,NE,Cattle,NE,W,5-2-2018,3,1,1,1,,,
CGREC,BOB,NE,Cattle,NE,W,5-2-2018,3,1,1,2,,,
CGREC,BOB,NE,Cattle,NE,W,5-2-2018,3,1,1,3,,,
CGREC,BOB,NE,Cattle,NE,W,5-2-2018,3,2,2,1,188,17:45:58.0,
CGREC,BOB,NE,Cattle,NE,W,5-2-2018,3,2,2,2,412.75,17:45:58.0,
CGREC,BOB,NE,Cattle,NE,W,5-2-2018,3,2,2,3,348.5,17:45:41.1,
CGREC,BOB,NE,Cattle,NE,W,5-2-2018,3,3,7,1,488,18:41:58.1,
CGREC,BOB,NE,Cattle,NE,W,5-2-2018,3,3,7,2,562.5,18:42:04.0,
CGREC,BOB,NE,Cattle,NE,W,5-2-2018,3,3,7,3,405.25,18:41:45.0,
CGREC,BOB,NE,Cattle,NW,W,5-14-2019,1,1,4R,1,111.75,17:40:36.1,
CGREC,BOB,NE,Cattle,NW,W,5-14-2019,1,1,4R,2,138.25,17:38:55.0,
CGREC,BOB,NE,Cattle,NW,W,5-14-2019,1,1,4R,3,210.75,17:39:17.0,
CGREC,BOB,NE,Cattle,NW,W,5-14-2019,1,2,3R,1,225.25,17:43:58.0,
CGREC,BOB,NE,Cattle,NW,W,5-14-2019,1,2,3R,2,89.75,17:45:35.1,
CGREC,BOB,NE,Cattle,NW,W,5-14-2019,1,2,3R,3,54.75,17:44:50.1,
CGREC,BOB,NE,Cattle,NW,W,5-14-2019,1,3,5Y,1,179.75,17:39:38.1,
CGREC,BOB,NE,Cattle,NW,W,5-14-2019,1,3,5Y,2,67.5,17:39:36.1,
CGREC,BOB,NE,Cattle,NW,W,5-14-2019,1,3,5Y,3,165.5,17:39:08.0,
CGREC,BOB,NE,Cattle,NW,W,5-14-2019,2,1,8R,1,35.25,17:56:59.1,
CGREC,BOB,NE,Cattle,NW,W,5-14-2019,2,1,8R,2,42.5,17:57:16.0,
CGREC,BOB,NE,Cattle,NW,W,5-14-2019,2,1,8R,3,101.25,17:57:22.1,
CGREC,BOB,NE,Cattle,NW,W,5-14-2019,2,2,7Y,1,123.75,17:58:51.0,
CGREC,BOB,NE,Cattle,NW,W,5-14-2019,2,2,7Y,2,98.75,17:59:31.0,
CGREC,BOB,NE,Cattle,NW,W,5-14-2019,2,2,7Y,3,129.75,17:58:01.1,
CGREC,BOB,NE,Cattle,NW,W,5-14-2019,2,3,3Y,1,112,17:52:21.0,
CGREC,BOB,NE,Cattle,NW,W,5-14-2019,2,3,3Y,2,126,17:51:26.1,
CGREC,BOB,NE,Cattle,NW,W,5-14-2019,2,3,3Y,3,140.25,17:51:26.0,
CGREC,BOB,NE,Cattle,NW,W,5-14-2019,3,1,2R,1,182.5,17:50:54.0,
CGREC,BOB,NE,Cattle,NW,W,5-14-2019,3,1,2R,2,53.25,17:53:16.1,
CGREC,BOB,NE,Cattle,NW,W,5-14-2019,3,1,2R,3,37.75,17:51:24.0,
CGREC,BOB,NE,Cattle,NW,W,5-14-2019,3,2,9R,1,79.75,18:13:08.0,1
CGREC,BOB,NE,Cattle,NW,W,5-14-2019,3,2,9R,2,286.75,18:10:34.1,1
CGREC,BOB,NE,Cattle,NW,W,5-14-2019,3,2,9R,3,,,1
CGREC,BOB,NE,Cattle,NW,W,5-14-2019,3,3,4Y,1,139.5,18:20:31.0,
CGREC,BOB,NE,Cattle,NW,W,5-14-2019,3,3,4Y,2,95.5,18:23:07.0,
CGREC,BOB,NE,Cattle,NW,W,5-14-2019,3,3,4Y,3,217.75,18:19:44.0,
CGREC,BOB,NW,Cattle,NE,,5-3-2018,1,1,8,1,304.5,12:53:41.0,
CGREC,BOB,NW,Cattle,NE,,5-3-2018,1,1,8,2,334.5,12:53:36.1,
CGREC,BOB,NW,Cattle,NE,,5-3-2018,1,1,8,3,177.25,12:54:21.0,
CGREC,BOB,NW,Cattle,NE,,5-3-2018,1,2,3,1,475.25,12:53:33.0,
CGREC,BOB,NW,Cattle,NE,,5-3-2018,1,2,3,2,470.75,12:53:34.0,
CGREC,BOB,NW,Cattle,NE,,5-3-2018,1,2,3,3,448.75,12:53:31.0,
CGREC,BOB,NW,Cattle,NE,,5-3-2018,1,3,6,1,,,
CGREC,BOB,NW,Cattle,NE,,5-3-2018,1,3,6,2,,,
CGREC,BOB,NW,Cattle,NE,,5-3-2018,1,3,6,3,,,
CGREC,BOB,NW,Cattle,NE,,5-3-2018,2,1,2,1,302.25,13:14:39.0,
CGREC,BOB,NW,Cattle,NE,,5-3-2018,2,1,2,2,342.25,13:14:27.0,
CGREC,BOB,NW,Cattle,NE,,5-3-2018,2,1,2,3,482.25,13:14:30.0,
CGREC,BOB,NW,Cattle,NE,,5-3-2018,2,2,1,1,,,
CGREC,BOB,NW,Cattle,NE,,5-3-2018,2,2,1,2,,,
CGREC,BOB,NW,Cattle,NE,,5-3-2018,2,2,1,3,,,
CGREC,BOB,NW,Cattle,NE,,5-3-2018,2,3,7,1,449,13:15:06.0,
CGREC,BOB,NW,Cattle,NE,,5-3-2018,2,3,7,2,419.75,13:15:06.1,
CGREC,BOB,NW,Cattle,NE,,5-3-2018,2,3,7,3,209.75,13:13:26.0,
CGREC,BOB,NW,Cattle,NE,,5-3-2018,3,1,5,1,375.75,12:49:50.1,
CGREC,BOB,NW,Cattle,NE,,5-3-2018,3,1,5,2,533.5,12:49:47.0,
CGREC,BOB,NW,Cattle,NE,,5-3-2018,3,1,5,3,580.75,12:49:50.1,
CGREC,BOB,NW,Cattle,NE,,5-3-2018,3,2,9,1,553.25,12:49:22.0,
CGREC,BOB,NW,Cattle,NE,,5-3-2018,3,2,9,2,447.75,12:49:22.1,
CGREC,BOB,NW,Cattle,NE,,5-3-2018,3,2,9,3,485.5,12:49:26.0,
CGREC,BOB,NW,Cattle,NE,,5-3-2018,3,3,4,1,308,12:49:51.1,
CGREC,BOB,NW,Cattle,NE,,5-3-2018,3,3,4,2,335.5,12:49:51.1,
CGREC,BOB,NW,Cattle,NE,,5-3-2018,3,3,4,3,264.5,12:49:47.1,
CGREC,BOB,SE,Cattle,NE,W,5-2-2018,1,1,7,1,115,15:47:56.1,
CGREC,BOB,SE,Cattle,NE,W,5-2-2018,1,1,7,2,232,15:48:17.1,
CGREC,BOB,SE,Cattle,NE,W,5-2-2018,1,1,7,3,207.25,15:47:04.1,
CGREC,BOB,SE,Cattle,NE,W,5-2-2018,1,2,2,1,135.25,15:57:17.0,
CGREC,BOB,SE,Cattle,NE,W,5-2-2018,1,2,2,2,270.25,15:58:54.0,
CGREC,BOB,SE,Cattle,NE,W,5-2-2018,1,2,2,3,226,15:58:13.0,
CGREC,BOB,SE,Cattle,NE,W,5-2-2018,1,3,3,1,259,15:49:27.0,
CGREC,BOB,SE,Cattle,NE,W,5-2-2018,1,3,3,2,247.25,15:50:26.0,
CGREC,BOB,SE,Cattle,NE,W,5-2-2018,1,3,3,3,446.25,15:49:27.0,
CGREC,BOB,SE,Cattle,NE,W,5-2-2018,2,1,9,1,92.25,16:41:28.0,
CGREC,BOB,SE,Cattle,NE,W,5-2-2018,2,1,9,2,244.25,16:47:07.0,
CGREC,BOB,SE,Cattle,NE,W,5-2-2018,2,1,9,3,133.75,16:37:40.0,
CGREC,BOB,SE,Cattle,NE,W,5-2-2018,2,2,1,1,,,
CGREC,BOB,SE,Cattle,NE,W,5-2-2018,2,2,1,2,,,
CGREC,BOB,SE,Cattle,NE,W,5-2-2018,2,2,1,3,,,
CGREC,BOB,SE,Cattle,NE,W,5-2-2018,2,3,8,1,188.75,16:38:47.0,
CGREC,BOB,SE,Cattle,NE,W,5-2-2018,2,3,8,2,324.25,16:39:00.0,
CGREC,BOB,SE,Cattle,NE,W,5-2-2018,2,3,8,3,200,16:38:35.1,
CGREC,BOB,SE,Cattle,NE,W,5-2-2018,3,1,6,1,,,
CGREC,BOB,SE,Cattle,NE,W,5-2-2018,3,1,6,2,,,
CGREC,BOB,SE,Cattle,NE,W,5-2-2018,3,1,6,3,,,
CGREC,BOB,SE,Cattle,NE,W,5-2-2018,3,2,5,1,148,16:10:50.0,
CGREC,BOB,SE,Cattle,NE,W,5-2-2018,3,2,5,2,147,16:10:51.0,
CGREC,BOB,SE,Cattle,NE,W,5-2-2018,3,2,5,3,248,16:10:45.1,
CGREC,BOB,SE,Cattle,NE,W,5-2-2018,3,3,4,1,122,16:14:33.0,
CGREC,BOB,SE,Cattle,NE,W,5-2-2018,3,3,4,2,262.5,16:13:57.0,
CGREC,BOB,SE,Cattle,NE,W,5-2-2018,3,3,4,3,95.25,16:14:58.1,
CGREC,BOB,SE,Cattle,SE,W,5-13-2019,1,1,5R,1,47.5,18:06:30.0,
CGREC,BOB,SE,Cattle,SE,W,5-13-2019,1,1,5R,2,39.25,18:06:29.0,
CGREC,BOB,SE,Cattle,SE,W,5-13-2019,1,1,5R,3,45.75,18:06:29.0,
CGREC,BOB,SE,Cattle,SE,W,5-13-2019,1,2,9R,1,32.25,18:03:40.1,
CGREC,BOB,SE,Cattle,SE,W,5-13-2019,1,2,9R,2,33.25,18:04:02.1,
CGREC,BOB,SE,Cattle,SE,W,5-13-2019,1,2,9R,3,30.75,18:03:47.0,
CGREC,BOB,SE,Cattle,SE,W,5-13-2019,1,3,2Y,1,31.75,18:05:46.0,
CGREC,BOB,SE,Cattle,SE,W,5-13-2019,1,3,2Y,2,32.25,18:05:04.0,
CGREC,BOB,SE,Cattle,SE,W,5-13-2019,1,3,2Y,3,33.25,18:06:48.0,
CGREC,BOB,SE,Cattle,SE,W,5-13-2019,2,1,1R,1,295,17:32:50.1,
CGREC,BOB,SE,Cattle,SE,W,5-13-2019,2,1,1R,2,149,17:32:43.0,
CGREC,BOB,SE,Cattle,SE,W,5-13-2019,2,1,1R,3,165.75,17:32:59.1,
CGREC,BOB,SE,Cattle,SE,W,5-13-2019,2,2,4Y,1,158,17:36:58.0,
CGREC,BOB,SE,Cattle,SE,W,5-13-2019,2,2,4Y,2,87,17:38:02.1,
CGREC,BOB,SE,Cattle,SE,W,5-13-2019,2,2,4Y,3,222.75,17:36:45.1,
CGREC,BOB,SE,Cattle,SE,W,5-13-2019,2,3,9Y,1,31.5,14:35:36.1,1
CGREC,BOB,SE,Cattle,SE,W,5-13-2019,2,3,9Y,2,111,17:37:19.1,1
CGREC,BOB,SE,Cattle,SE,W,5-13-2019,2,3,9Y,3,146.5,17:33:57.0,1
CGREC,BOB,SE,Cattle,SE,W,5-13-2019,3,1,2R,1,30,16:01:42.1,
CGREC,BOB,SE,Cattle,SE,W,5-13-2019,3,1,2R,2,31.5,16:01:54.0,
CGREC,BOB,SE,Cattle,SE,W,5-13-2019,3,1,2R,3,35,16:01:52.0,
CGREC,BOB,SE,Cattle,SE,W,5-13-2019,3,2,3R,1,29.75,17:31:34.0,
CGREC,BOB,SE,Cattle,SE,W,5-13-2019,3,2,3R,2,28.5,17:31:31.0,
CGREC,BOB,SE,Cattle,SE,W,5-13-2019,3,2,3R,3,44.25,17:40:34.0,
CGREC,BOB,SE,Cattle,SE,W,5-13-2019,3,3,5Y,1,,,
CGREC,BOB,SE,Cattle,SE,W,5-13-2019,3,3,5Y,2,,,
CGREC,BOB,SE,Cattle,SE,W,5-13-2019,3,3,5Y,3,,,
CGREC,BOB,SW,Cattle,SE,,5-3-2018,1,1,4,1,344.75,15:54:32.1,
CGREC,BOB,SW,Cattle,SE,,5-3-2018,1,1,4,2,468.25,15:54:26.0,
CGREC,BOB,SW,Cattle,SE,,5-3-2018,1,1,4,3,344.25,15:54:37.0,
CGREC,BOB,SW,Cattle,SE,,5-3-2018,1,2,9,1,338.25,15:54:24.0,
CGREC,BOB,SW,Cattle,SE,,5-3-2018,1,2,9,2,348.5,15:54:16.1,
CGREC,BOB,SW,Cattle,SE,,5-3-2018,1,2,9,3,421.5,15:54:24.0,
CGREC,BOB,SW,Cattle,SE,,5-3-2018,1,3,6,1,,,
CGREC,BOB,SW,Cattle,SE,,5-3-2018,1,3,6,2,,,
CGREC,BOB,SW,Cattle,SE,,5-3-2018,1,3,6,3,,,
CGREC,BOB,SW,Cattle,SE,,5-3-2018,2,1,2,1,354.25,16:02:11.1,
CGREC,BOB,SW,Cattle,SE,,5-3-2018,2,1,2,2,366.75,16:02:14.0,
CGREC,BOB,SW,Cattle,SE,,5-3-2018,2,1,2,3,345.75,16:02:14.0,
CGREC,BOB,SW,Cattle,SE,,5-3-2018,2,2,8,1,342,16:02:48.0,
CGREC,BOB,SW,Cattle,SE,,5-3-2018,2,2,8,2,351.75,16:02:37.1,
CGREC,BOB,SW,Cattle,SE,,5-3-2018,2,2,8,3,396.75,16:02:43.1,
CGREC,BOB,SW,Cattle,SE,,5-3-2018,2,3,3,1,319.5,16:02:33.0,
CGREC,BOB,SW,Cattle,SE,,5-3-2018,2,3,3,2,415.5,16:02:26.0,
CGREC,BOB,SW,Cattle,SE,,5-3-2018,2,3,3,3,465.5,16:02:27.0,
CGREC,BOB,SW,Cattle,SE,,5-3-2018,3,1,7,1,604.25,16:09:25.1,
CGREC,BOB,SW,Cattle,SE,,5-3-2018,3,1,7,2,449.75,16:09:10.0,
CGREC,BOB,SW,Cattle,SE,,5-3-2018,3,1,7,3,508.75,16:09:09.0,
CGREC,BOB,SW,Cattle,SE,,5-3-2018,3,2,5,1,174,16:10:33.0,
CGREC,BOB,SW,Cattle,SE,,5-3-2018,3,2,5,2,99,16:10:36.1,
CGREC,BOB,SW,Cattle,SE,,5-3-2018,3,2,5,3,197.75,16:09:41.0,
CGREC,BOB,SW,Cattle,SE,,5-3-2018,3,3,1,1,,,
CGREC,BOB,SW,Cattle,SE,,5-3-2018,3,3,1,2,,,
CGREC,BOB,SW,Cattle,SE,,5-3-2018,3,3,1,3,,,
CGREC,BOB,SW,Cattle,SW,,5-14-2019,1,1,6R,1,95.75,13:23:39.1,
CGREC,BOB,SW,Cattle,SW,,5-14-2019,1,1,6R,2,106.5,13:23:11.0,
CGREC,BOB,SW,Cattle,SW,,5-14-2019,1,1,6R,3,156.25,13:22:12.1,
CGREC,BOB,SW,Cattle,SW,,5-14-2019,1,2,1R,1,59.5,13:21:25.0,
CGREC,BOB,SW,Cattle,SW,,5-14-2019,1,2,1R,2,53.25,13:21:28.1,
CGREC,BOB,SW,Cattle,SW,,5-14-2019,1,2,1R,3,57.5,13:21:43.0,
CGREC,BOB,SW,Cattle,SW,,5-14-2019,1,3,4Y,1,75.75,13:24:33.0,
CGREC,BOB,SW,Cattle,SW,,5-14-2019,1,3,4Y,2,122,13:24:09.0,
CGREC,BOB,SW,Cattle,SW,,5-14-2019,1,3,4Y,3,92.5,13:23:58.0,
CGREC,BOB,SW,Cattle,SW,,5-14-2019,2,1,2R,1,107.25,13:00:41.1,
CGREC,BOB,SW,Cattle,SW,,5-14-2019,2,1,2R,2,127,13:00:53.0,
CGREC,BOB,SW,Cattle,SW,,5-14-2019,2,1,2R,3,376.25,13:00:49.0,
CGREC,BOB,SW,Cattle,SW,,5-14-2019,2,2,9R,1,186.75,13:02:33.1,
CGREC,BOB,SW,Cattle,SW,,5-14-2019,2,2,9R,2,90,13:03:29.0,
CGREC,BOB,SW,Cattle,SW,,5-14-2019,2,2,9R,3,103.75,13:11:14.0,
CGREC,BOB,SW,Cattle,SW,,5-14-2019,2,3,9Y,1,89,13:11:41.1,
CGREC,BOB,SW,Cattle,SW,,5-14-2019,2,3,9Y,2,66.5,13:10:17.0,
CGREC,BOB,SW,Cattle,SW,,5-14-2019,2,3,9Y,3,52.25,13:00:34.1,
CGREC,BOB,SW,Cattle,SW,,5-14-2019,3,1,5R,1,422,13:10:33.0,
CGREC,BOB,SW,Cattle,SW,,5-14-2019,3,1,5R,2,147.25,13:10:32.1,
CGREC,BOB,SW,Cattle,SW,,5-14-2019,3,1,5R,3,238.75,13:10:37.1,
CGREC,BOB,SW,Cattle,SW,,5-14-2019,3,2,7R,1,165.75,13:10:51.1,
CGREC,BOB,SW,Cattle,SW,,5-14-2019,3,2,7R,2,128,13:07:38.0,
CGREC,BOB,SW,Cattle,SW,,5-14-2019,3,2,7R,3,114.75,13:11:17.0,
CGREC,BOB,SW,Cattle,SW,,5-14-2019,3,3,2Y,1,198.75,13:03:47.1,
CGREC,BOB,SW,Cattle,SW,,5-14-2019,3,3,2Y,2,241.25,13:03:25.1,
CGREC,BOB,SW,Cattle,SW,,5-14-2019,3,3,2Y,3,137.25,13:02:42.0,
HREC,Clement,Cattle,Cattle,NE,,10-28-2017,1,1,1,1,294.25,12:34:43.0,
HREC,Clement,Cattle,Cattle,NE,,10-28-2017,1,1,1,2,332.25,12:34:39.1,
HREC,Clement,Cattle,Cattle,NE,,10-28-2017,1,1,1,3,256.75,12:34:44.0,
HREC,Clement,Cattle,Cattle,NE,,10-28-2017,1,2,8,1,50.75,12:35:55.0,
HREC,Clement,Cattle,Cattle,NE,,10-28-2017,1,2,8,2,116.5,12:35:42.1,
HREC,Clement,Cattle,Cattle,NE,,10-28-2017,1,2,8,3,361,12:35:19.1,
HREC,Clement,Cattle,Cattle,NE,,10-28-2017,1,3,9,1,355.75,12:34:30.0,
HREC,Clement,Cattle,Cattle,NE,,10-28-2017,1,3,9,2,255.25,12:34:33.0,
HREC,Clement,Cattle,Cattle,NE,,10-28-2017,1,3,9,3,352.5,12:34:27.0,
HREC,Clement,Cattle,Cattle,NE,,10-28-2017,2,1,2,1,238.5,12:29:58.1,
HREC,Clement,Cattle,Cattle,NE,,10-28-2017,2,1,2,2,117.5,12:29:58.1,
HREC,Clement,Cattle,Cattle,NE,,10-28-2017,2,1,2,3,293.2,12:30:19.0,
HREC,Clement,Cattle,Cattle,NE,,10-28-2017,2,2,7,1,,,
HREC,Clement,Cattle,Cattle,NE,,10-28-2017,2,2,7,2,,,
HREC,Clement,Cattle,Cattle,NE,,10-28-2017,2,2,7,3,,,
HREC,Clement,Cattle,Cattle,NE,,10-28-2017,2,3,3,1,252.5,12:30:09.1,
HREC,Clement,Cattle,Cattle,NE,,10-28-2017,2,3,3,2,218.25,12:29:47.0,
HREC,Clement,Cattle,Cattle,NE,,10-28-2017,2,3,3,3,356.5,12:29:54.0,
HREC,Clement,Cattle,Cattle,NE,,10-28-2017,3,1,5,1,452,12:33:21.1,
HREC,Clement,Cattle,Cattle,NE,,10-28-2017,3,1,5,2,427,12:33:32.0,
HREC,Clement,Cattle,Cattle,NE,,10-28-2017,3,1,5,3,429,12:33:20.0,
HREC,Clement,Cattle,Cattle,NE,,10-28-2017,3,2,6,1,,,
HREC,Clement,Cattle,Cattle,NE,,10-28-2017,3,2,6,2,,,
HREC,Clement,Cattle,Cattle,NE,,10-28-2017,3,2,6,3,,,
HREC,Clement,Cattle,Cattle,NE,,10-28-2017,3,3,4,1,308.5,12:33:08.0,
HREC,Clement,Cattle,Cattle,NE,,10-28-2017,3,3,4,2,303.5,12:33:02.0,
HREC,Clement,Cattle,Cattle,NE,,10-28-2017,3,3,4,3,267.25,12:33:07.1,
HREC,Fitch,N.Cattle,Cattle,SW,,10-27-2017,1,1,6,1,,,
HREC,Fitch,N.Cattle,Cattle,SW,,10-27-2017,1,1,6,2,,,
HREC,Fitch,N.Cattle,Cattle,SW,,10-27-2017,1,1,6,3,,,
HREC,Fitch,N.Cattle,Cattle,SW,,10-27-2017,1,2,8,1,377.5,13:38:24.1,
HREC,Fitch,N.Cattle,Cattle,SW,,10-27-2017,1,2,8,2,423.25,13:38:18.0,
HREC,Fitch,N.Cattle,Cattle,SW,,10-27-2017,1,2,8,3,369.25,13:38:16.0,
HREC,Fitch,N.Cattle,Cattle,SW,,10-27-2017,1,3,7,1,261.75,13:38:36.1,
HREC,Fitch,N.Cattle,Cattle,SW,,10-27-2017,1,3,7,2,359,13:38:28.0,
HREC,Fitch,N.Cattle,Cattle,SW,,10-27-2017,1,3,7,3,330.25,13:38:22.1,
HREC,Fitch,N.Cattle,Cattle,SW,,10-27-2017,2,1,2,1,288.25,13:40:54.0,
HREC,Fitch,N.Cattle,Cattle,SW,,10-27-2017,2,1,2,2,240.5,13:40:52.1,
HREC,Fitch,N.Cattle,Cattle,SW,,10-27-2017,2,1,2,3,337,13:40:37.1,
HREC,Fitch,N.Cattle,Cattle,SW,,10-27-2017,2,2,4,1,198,13:39:26.1,
HREC,Fitch,N.Cattle,Cattle,SW,,10-27-2017,2,2,4,2,205.25,13:39:44.1,
HREC,Fitch,N.Cattle,Cattle,SW,,10-27-2017,2,2,4,3,176,13:39:46.0,
HREC,Fitch,N.Cattle,Cattle,SW,,10-27-2017,2,3,3,1,217.75,13:40:18.1,
HREC,Fitch,N.Cattle,Cattle,SW,,10-27-2017,2,3,3,2,225.5,13:40:03.0,
HREC,Fitch,N.Cattle,Cattle,SW,,10-27-2017,2,3,3,3,298,13:40:11.0,
HREC,Fitch,N.Cattle,Cattle,SW,,10-27-2017,3,1,1,1,116.5,13:47:30.0,
HREC,Fitch,N.Cattle,Cattle,SW,,10-27-2017,3,1,1,2,205.75,13:47:26.0,
HREC,Fitch,N.Cattle,Cattle,SW,,10-27-2017,3,1,1,3,126.25,13:47:29.1,
HREC,Fitch,N.Cattle,Cattle,SW,,10-27-2017,3,2,5,1,213.75,13:47:18.1,
HREC,Fitch,N.Cattle,Cattle,SW,,10-27-2017,3,2,5,2,309.5,13:47:07.0,
HREC,Fitch,N.Cattle,Cattle,SW,,10-27-2017,3,2,5,3,243.25,13:47:07.0,
HREC,Fitch,N.Cattle,Cattle,SW,,10-27-2017,3,3,9,1,198.5,13:50:32.0,
HREC,Fitch,N.Cattle,Cattle,SW,,10-27-2017,3,3,9,2,137.75,13:50:21.1,
HREC,Fitch,N.Cattle,Cattle,SW,,10-27-2017,3,3,9,3,,,
HREC,Fitch,N.Cattle,Cattle,NW,,10-17-2018,1,1,4,1,319.5,13:24:15.1,
HREC,Fitch,N.Cattle,Cattle,NW,,10-17-2018,1,1,4,2,218,13:24:08.0,
HREC,Fitch,N.Cattle,Cattle,NW,,10-17-2018,1,1,4,3,334.25,13:24:41.1,
HREC,Fitch,N.Cattle,Cattle,NW,,10-17-2018,1,2,9,1,87.5,13:22:24.0,
HREC,Fitch,N.Cattle,Cattle,NW,,10-17-2018,1,2,9,2,64.5,13:22:10.1,
HREC,Fitch,N.Cattle,Cattle,NW,,10-17-2018,1,2,9,3,74,13:22:24.0,
HREC,Fitch,N.Cattle,Cattle,NW,,10-17-2018,1,3,3,1,325.5,13:24:08.0,
HREC,Fitch,N.Cattle,Cattle,NW,,10-17-2018,1,3,3,2,339.5,13:24:00.1,
HREC,Fitch,N.Cattle,Cattle,NW,,10-17-2018,1,3,3,3,322.25,13:23:59.0,
HREC,Fitch,N.Cattle,Cattle,NW,,10-17-2018,2,1,8,1,,,
HREC,Fitch,N.Cattle,Cattle,NW,,10-17-2018,2,1,8,2,,,
HREC,Fitch,N.Cattle,Cattle,NW,,10-17-2018,2,1,8,3,,,
HREC,Fitch,N.Cattle,Cattle,NW,,10-17-2018,2,2,6,1,,,
HREC,Fitch,N.Cattle,Cattle,NW,,10-17-2018,2,2,6,2,,,
HREC,Fitch,N.Cattle,Cattle,NW,,10-17-2018,2,2,6,3,,,
HREC,Fitch,N.Cattle,Cattle,NW,,10-17-2018,2,3,1,1,,,
HREC,Fitch,N.Cattle,Cattle,NW,,10-17-2018,2,3,1,2,,,
HREC,Fitch,N.Cattle,Cattle,NW,,10-17-2018,2,3,1,3,,,
HREC,Fitch,N.Cattle,Cattle,NW,,10-17-2018,3,1,5,1,,,
HREC,Fitch,N.Cattle,Cattle,NW,,10-17-2018,3,1,5,2,411.5,13:23:21.0,
HREC,Fitch,N.Cattle,Cattle,NW,,10-17-2018,3,1,5,3,619.25,13:23:20.1,
HREC,Fitch,N.Cattle,Cattle,NW,,10-17-2018,3,2,7,1,306.5,13:23:17.1,
HREC,Fitch,N.Cattle,Cattle,NW,,10-17-2018,3,2,7,2,473.25,13:23:07.0,
HREC,Fitch,N.Cattle,Cattle,NW,,10-17-2018,3,2,7,3,288.5,13:23:06.0,
HREC,Fitch,N.Cattle,Cattle,NW,,10-17-2018,3,3,2,1,370,13:22:42.0,
HREC,Fitch,N.Cattle,Cattle,NW,,10-17-2018,3,3,2,2,450,13:22:40.0,
HREC,Fitch,N.Cattle,Cattle,NW,,10-17-2018,3,3,2,3,401.5,13:22:38.0,
HREC,Clement,Sheep,Sheep,CN,,10-28-2017,1,1,7,1,232.25,14:35:09.0,
HREC,Clement,Sheep,Sheep,CN,,10-28-2017,1,1,7,2,278.75,14:35:01.0,
HREC,Clement,Sheep,Sheep,CN,,10-28-2017,1,1,7,3,368.5,14:35:01.0,
HREC,Clement,Sheep,Sheep,CN,,10-28-2017,1,2,2,1,358,14:34:31.0,
HREC,Clement,Sheep,Sheep,CN,,10-28-2017,1,2,2,2,179.75,14:34:30.0,
HREC,Clement,Sheep,Sheep,CN,,10-28-2017,1,2,2,3,129,14:34:29.1,
HREC,Clement,Sheep,Sheep,CN,,10-28-2017,1,3,3,1,165,14:34:38.1,
HREC,Clement,Sheep,Sheep,CN,,10-28-2017,1,3,3,2,222.25,14:34:40.0,
HREC,Clement,Sheep,Sheep,CN,,10-28-2017,1,3,3,3,132.25,14:34:39.0,
HREC,Clement,Sheep,Sheep,CN,,10-28-2017,2,1,5,1,279.25,14:38:49.1,
HREC,Clement,Sheep,Sheep,CN,,10-28-2017,2,1,5,2,367.5,14:38:45.0,
HREC,Clement,Sheep,Sheep,CN,,10-28-2017,2,1,5,3,364,14:38:45.0,
HREC,Clement,Sheep,Sheep,CN,,10-28-2017,2,2,6,1,,,
HREC,Clement,Sheep,Sheep,CN,,10-28-2017,2,2,6,2,,,
HREC,Clement,Sheep,Sheep,CN,,10-28-2017,2,2,6,3,,,
HREC,Clement,Sheep,Sheep,CN,,10-28-2017,2,3,4,1,369.25,14:38:39.0,
HREC,Clement,Sheep,Sheep,CN,,10-28-2017,2,3,4,2,450.25,14:38:41.0,
HREC,Clement,Sheep,Sheep,CN,,10-28-2017,2,3,4,3,326,14:38:46.1,
HREC,Clement,Sheep,Sheep,CN,,10-28-2017,3,1,8,1,143.5,14:37:21.1,
HREC,Clement,Sheep,Sheep,CN,,10-28-2017,3,1,8,2,168.75,14:37:14.0,
HREC,Clement,Sheep,Sheep,CN,,10-28-2017,3,1,8,3,122,14:38:44.0,
HREC,Clement,Sheep,Sheep,CN,,10-28-2017,3,2,1,1,162.75,14:54:48.1,
HREC,Clement,Sheep,Sheep,CN,,10-28-2017,3,2,1,2,181,14:54:26.0,
HREC,Clement,Sheep,Sheep,CN,,10-28-2017,3,2,1,3,,14:54:40.1,
HREC,Clement,Sheep,Sheep,CN,,10-28-2017,3,3,9,1,245.75,14:38:09.1,
HREC,Clement,Sheep,Sheep,CN,,10-28-2017,3,3,9,2,93.25,14:38:23.0,
HREC,Clement,Sheep,Sheep,CN,,10-28-2017,3,3,9,3,132.25,14:37:17.0,
HREC,Clement,Sheep,Sheep,NO,,10-18-2018,1,1,7,1,330.5,12:47:31.1,
HREC,Clement,Sheep,Sheep,NO,,10-18-2018,1,1,7,2,206.75,12:48:38.1,
HREC,Clement,Sheep,Sheep,NO,,10-18-2018,1,1,7,3,157.25,12:47:04.0,
HREC,Clement,Sheep,Sheep,NO,,10-18-2018,1,2,8,1,,,
HREC,Clement,Sheep,Sheep,NO,,10-18-2018,1,2,8,2,,,
HREC,Clement,Sheep,Sheep,NO,,10-18-2018,1,2,8,3,,,
HREC,Clement,Sheep,Sheep,NO,,10-18-2018,1,3,6,1,,,
HREC,Clement,Sheep,Sheep,NO,,10-18-2018,1,3,6,2,,,
HREC,Clement,Sheep,Sheep,NO,,10-18-2018,1,3,6,3,,,
HREC,Clement,Sheep,Sheep,NO,,10-18-2018,2,1,4,1,317.75,12:41:53.0,
HREC,Clement,Sheep,Sheep,NO,,10-18-2018,2,1,4,2,275,12:41:59.1,
HREC,Clement,Sheep,Sheep,NO,,10-18-2018,2,1,4,3,318,12:42:04.0,
HREC,Clement,Sheep,Sheep,NO,,10-18-2018,2,2,2,1,379.75,12:42:33.0,
HREC,Clement,Sheep,Sheep,NO,,10-18-2018,2,2,2,2,293.25,12:42:40.0,
HREC,Clement,Sheep,Sheep,NO,,10-18-2018,2,2,2,3,293.5,12:42:42.0,
HREC,Clement,Sheep,Sheep,NO,,10-18-2018,2,3,9,1,210.75,12:42:29.1,
HREC,Clement,Sheep,Sheep,NO,,10-18-2018,2,3,9,2,354,12:42:38.0,
HREC,Clement,Sheep,Sheep,NO,,10-18-2018,2,3,9,3,293.75,12:42:42.0,
HREC,Clement,Sheep,Sheep,NO,,10-18-2018,3,1,1,1,,,
HREC,Clement,Sheep,Sheep,NO,,10-18-2018,3,1,1,2,,,
HREC,Clement,Sheep,Sheep,NO,,10-18-2018,3,1,1,3,,,
HREC,Clement,Sheep,Sheep,NO,,10-18-2018,3,2,5,1,336.5,12:40:36.0,
HREC,Clement,Sheep,Sheep,NO,,10-18-2018,3,2,5,2,331.5,12:40:42.0,
HREC,Clement,Sheep,Sheep,NO,,10-18-2018,3,2,5,3,252.5,12:40:39.1,
HREC,Clement,Sheep,Sheep,NO,,10-18-2018,3,3,3,1,291.25,12:40:26.0,
HREC,Clement,Sheep,Sheep,NO,,10-18-2018,3,3,3,2,201.5,12:40:23.0,
HREC,Clement,Sheep,Sheep,NO,,10-18-2018,3,3,3,3,278.25,12:40:27.1,
HREC,Fitch,N.Sheep,Sheep,NE,,10-27-2017,1,1,5,1,239.75,17:04:24.0,
HREC,Fitch,N.Sheep,Sheep,NE,,10-27-2017,1,1,5,2,202.5,17:04:34.1,
HREC,Fitch,N.Sheep,Sheep,NE,,10-27-2017,1,1,5,3,206.5,17:04:40.0,
HREC,Fitch,N.Sheep,Sheep,NE,,10-27-2017,1,2,4,1,105.5,17:07:23.1,
HREC,Fitch,N.Sheep,Sheep,NE,,10-27-2017,1,2,4,2,237.75,17:06:06.0,
HREC,Fitch,N.Sheep,Sheep,NE,,10-27-2017,1,2,4,3,222,17:06:19.0,
HREC,Fitch,N.Sheep,Sheep,NE,,10-27-2017,1,3,6,1,,,
HREC,Fitch,N.Sheep,Sheep,NE,,10-27-2017,1,3,6,2,,,
HREC,Fitch,N.Sheep,Sheep,NE,,10-27-2017,1,3,6,3,,,
HREC,Fitch,N.Sheep,Sheep,NE,,10-27-2017,2,1,8,1,106.75,17:10:17.0,
HREC,Fitch,N.Sheep,Sheep,NE,,10-27-2017,2,1,8,2,122,17:10:07.0,
HREC,Fitch,N.Sheep,Sheep,NE,,10-27-2017,2,1,8,3,75.75,17:10:58.1,
HREC,Fitch,N.Sheep,Sheep,NE,,10-27-2017,2,2,9,1,66,17:13:10.0,
HREC,Fitch,N.Sheep,Sheep,NE,,10-27-2017,2,2,9,2,56.5,17:13:05.0,
HREC,Fitch,N.Sheep,Sheep,NE,,10-27-2017,2,2,9,3,68.5,17:12:56.0,
HREC,Fitch,N.Sheep,Sheep,NE,,10-27-2017,2,3,1,1,47.25,16:19:04.1,
HREC,Fitch,N.Sheep,Sheep,NE,,10-27-2017,2,3,1,2,191.25,16:18:23.0,
HREC,Fitch,N.Sheep,Sheep,NE,,10-27-2017,2,3,1,3,65.25,16:21:45.0,
HREC,Fitch,N.Sheep,Sheep,NE,,10-27-2017,3,1,7,1,19.75,17:05:10.0,
HREC,Fitch,N.Sheep,Sheep,NE,,10-27-2017,3,1,7,2,16.75,17:05:39.1,
HREC,Fitch,N.Sheep,Sheep,NE,,10-27-2017,3,1,7,3,20,17:10:19.1,
HREC,Fitch,N.Sheep,Sheep,NE,,10-27-2017,3,2,2,1,16.5,17:03:45.0,
HREC,Fitch,N.Sheep,Sheep,NE,,10-27-2017,3,2,2,2,17,17:20:04.0,
HREC,Fitch,N.Sheep,Sheep,NE,,10-27-2017,3,2,2,3,18,17:19:47.0,
HREC,Fitch,N.Sheep,Sheep,NE,,10-27-2017,3,3,3,1,15.25,15:45:54.0,
HREC,Fitch,N.Sheep,Sheep,NE,,10-27-2017,3,3,3,2,16.25,15:45:57.0,
HREC,Fitch,N.Sheep,Sheep,NE,,10-27-2017,3,3,3,3,19,15:45:54.0,
HREC,Fitch,N.Sheep,Sheep,SE,,10-17-2018,1,1,2,1,278.75,14:58:35.0,
HREC,Fitch,N.Sheep,Sheep,SE,,10-17-2018,1,1,2,2,254.25,14:58:39.0,
HREC,Fitch,N.Sheep,Sheep,SE,,10-17-2018,1,1,2,3,329.25,14:58:32.0,
HREC,Fitch,N.Sheep,Sheep,SE,,10-17-2018,1,2,9,1,330,14:57:47.1,
HREC,Fitch,N.Sheep,Sheep,SE,,10-17-2018,1,2,9,2,290.5,14:57:42.0,
HREC,Fitch,N.Sheep,Sheep,SE,,10-17-2018,1,2,9,3,313.5,14:57:31.1,
HREC,Fitch,N.Sheep,Sheep,SE,,10-17-2018,1,3,4,1,115.25,15:03:05.1,
HREC,Fitch,N.Sheep,Sheep,SE,,10-17-2018,1,3,4,2,104.25,15:01:36.1,
HREC,Fitch,N.Sheep,Sheep,SE,,10-17-2018,1,3,4,3,256.75,15:03:29.0,
HREC,Fitch,N.Sheep,Sheep,SE,,10-17-2018,2,1,3,1,410.25,14:54:40.0,
HREC,Fitch,N.Sheep,Sheep,SE,,10-17-2018,2,1,3,2,484,14:54:39.0,
HREC,Fitch,N.Sheep,Sheep,SE,,10-17-2018,2,1,3,3,484.25,14:54:38.1,
HREC,Fitch,N.Sheep,Sheep,SE,,10-17-2018,2,2,5,1,242.5,14:54:38.1,
HREC,Fitch,N.Sheep,Sheep,SE,,10-17-2018,2,2,5,2,419,14:54:35.0,
HREC,Fitch,N.Sheep,Sheep,SE,,10-17-2018,2,2,5,3,294.5,14:54:35.0,
HREC,Fitch,N.Sheep,Sheep,SE,,10-17-2018,2,3,1,1,,,
HREC,Fitch,N.Sheep,Sheep,SE,,10-17-2018,2,3,1,2,,,
HREC,Fitch,N.Sheep,Sheep,SE,,10-17-2018,2,3,1,3,,,
HREC,Fitch,N.Sheep,Sheep,SE,,10-17-2018,3,1,6,1,,,
HREC,Fitch,N.Sheep,Sheep,SE,,10-17-2018,3,1,6,2,,,
HREC,Fitch,N.Sheep,Sheep,SE,,10-17-2018,3,1,6,3,,,
HREC,Fitch,N.Sheep,Sheep,SE,,10-17-2018,3,2,8,1,,,
HREC,Fitch,N.Sheep,Sheep,SE,,10-17-2018,3,2,8,2,,,
HREC,Fitch,N.Sheep,Sheep,SE,,10-17-2018,3,2,8,3,,,
HREC,Fitch,N.Sheep,Sheep,SE,,10-17-2018,3,3,7,1,248.5,14:58:30.0,
HREC,Fitch,N.Sheep,Sheep,SE,,10-17-2018,3,3,7,2,340,14:58:23.1,
HREC,Fitch,N.Sheep,Sheep,SE,,10-17-2018,3,3,7,3,427.75,14:58:29.0,
